movie_title,voice-actor,character
101 Dalmatians: The Series,"['Kath Soucie', 'Tara Strong']","['Cadpig', 'Spot']"
A Goofy Movie,"['Tevin Campbell', 'Wallace Shawn', 'Pauly Shore', 'Kellie Martin']","['Powerline', 'Principal Mazur', 'Robert ""Bobby"" Zimmeruski', 'Roxanne']"
Aladdin,"['Frank Welker', 'Scott Weinger; Brad Kane', 'Robin Williams', 'James Avery', 'Gilbert Gottfried', 'Jonathan Freeman', 'None', 'Charlie Adler', 'Jonathan Brandis', 'Linda Larkin; Lea Salonga', 'Frank Welker', 'Jim Cummings', 'Kellie Martin', 'Douglas Seale']","['Abu', 'Aladdin', 'Genie', 'Haroud Hazi Bin', 'Iago', 'Jafar', 'Magic Carpet', 'Mechanicles', 'Mozenrath', 'Princess Jasmine', 'Rajah', 'Razoul', 'Sadira', 'The Sultan']"
Aladdin (TV series),"['Bebe Neuwirth', 'Frank Welker']","['Mirage', 'Xerxes']"
Aladdin and the King of Thieves,"['John Rhys-Davies', 'Jerry Orbach']","['Cassim', ""Sa'luk""]"
Aladdin in Nasira's Revenge,['Jodi Benson'],['Nasira']
Alice Solves the Puzzle,['Billy Bletcher; Jim Cummings'],['Pete']
Alice in Wonderland,"['Kathryn Beaumont', 'Heather Angel', 'Larry Grey', ""J. Pat O'Malley"", 'Richard Haydn', 'Sterling Holloway', 'None', 'Bill Thompson', 'Joseph Kearns', 'Jimmy MacDonald', 'Dink Trout', 'Ed Wynn', 'Jerry Colonna', 'Verna Felton', 'Doris Lloyd', ""J. Pat O'Malley"", ""J. Pat O'Malley"", 'Bill Thompson']","['Alice', ""Alice's Sister"", 'Bill the Lizard', 'The Carpenter', 'The Caterpillar', 'Cheshire Cat', 'Dinah the Cat', 'The Dodo', 'The Doorknob', 'The Dormouse', 'The King of Hearts', 'Mad Hatter', 'March Hare', 'The Queen of Hearts', 'The Rose', 'Tweedledum and Tweedledee', 'The Walrus', 'White Rabbit']"
An Adventure in Color,['Paul Frees'],['Ludwig Von Drake']
An Extremely Goofy Movie,"['Vicki Lewis', 'Jeff Bennett', 'Bebe Neuwirth', 'Brad Garrett']","['Beret Girl', 'Bradley Uppercrust III', 'Sylvia Marpole', 'Tank']"
Atlantis: The Lost Empire,"['Jacqueline Obradors', 'James Garner', 'Jim Varney', 'Phil Morris', 'David Ogden Stiers', 'Corey Burton', 'Claudia Christian', 'Leonard Nimoy', 'Michael J. Fox', 'John Mahoney', 'Cree Summer', 'Don Novello', 'Florence Stanley']","['Audrey Ramirez', 'Commander Lyle Rourke', 'Cookie', 'Dr. Joshua Sweet', 'Fenton Q. Harcourt', 'Gaetan ""Mole"" Moliére', 'Helga Sinclair', 'King Kashekim Nedakh', 'Milo Thatch', 'Preston B. Whitmore', 'Princess Kidagakash', 'Vincenzo ""Vinny"" Santorini', 'Wilhelmina Packard']"
Bambi,"['Donnie Dunagan', 'Hardie Albright', 'Alexander Gould', 'Paula Winslowe; Carolyn Hennesy', 'Cammie King; Ann Gillis', 'Stan Alexander; Sterling Holloway', 'Will Wright', 'Fred Shields', 'None', 'Mary Lansing', 'Thelma Boardman', 'Peter Behn; Sam Edwards', 'Margaret Lee']","['Bambi', 'Bambi', 'Bambi', ""Bambi's Mother"", 'Faline', 'Flower', 'Friend Owl', 'Great Prince of the Forest', 'Man the Hunter', 'Mrs. Possum', 'Mrs. Quail', 'Thumper', ""Thumper's Mother""]"
Bambi II,"['Brian Pimental', 'Cree Summer', 'Anthony Ghannam']","['The Groundhog', 'Mena', 'Ronno']"
Beauty and the Beast,"['Jo Anne Worley', 'Mary Kay Bergman', 'Alex Murphey', 'Robby Benson', ""Paige O'Hara"", 'Kath Soucie', 'Alvin Epstein', 'Brian Cummings', 'Bradley Michael Pierce', 'David Ogden Stiers', 'Kimmy Robertson', 'Richard White', 'Jesse Corti', 'Jerry Orbach', 'Rex Everhart', 'Tony Jay', 'Angela Lansbury', 'Hal Smith', 'Frank Welker']","['Armoire', 'Babette', 'Baker', 'Beast', 'Belle', 'Bimbette', 'Bookseller', 'Chef Bouche', 'Chip Potts', 'Cogsworth', 'Fifi the Featherduster', 'Gaston', 'Le Fou', 'Lumière', 'Maurice', ""Monsieur D'Arque"", 'Mrs. Potts', 'Philippe the Horse', 'Sultan the Footstool']"
Beauty and the Beast: The Enchanted Christmas,"['Bernadette Peters', 'Jeff Bennett', 'Kath Soucie', 'Paul Reubens', 'Tim Curry']","['Angelique', 'Axe', 'The Enchantress', 'Fife the Piccolo', 'Forte the Pipe Organ']"
Bedknobs and Broomsticks,"['Dal McKennon', 'Robert Holt', 'Lennie Weinrib', 'Lennie Weinrib']","['Bear', 'Codfish', 'King Leonidas', 'Secretary Bird']"
Belle's Magical World,"['April Winchell', 'Jeff Bennett', 'Rob Paulsen', 'Jim Cummings', 'None']","['Chandeleria', 'Crane', 'Le Plufme', 'Webster', 'Witherspoon']"
Bone Trouble,['Frank Welker'],['Butch the Bulldog']
Bonkers,"['Jim Cummings', 'Frank Welker', 'Karla DeVito', 'Frank Welker']","['Bonkers D. Bobcat', 'Fall-Apart Rabbit', 'Miranda Wright', 'Toots']"
Brother Bear,"['Jason Raize', 'Joaquin Phoenix', 'Jeremy Suarez', 'Rick Moranis; Dave Thomas', 'D. B. Sweeney', 'Joan Copeland', 'Michael Clarke Duncan']","['Denahi', 'Kenai', 'Koda', 'Rutt and Tuke', 'Sitka', 'Tanana', 'Tug']"
Brother Bear 2,"['Andrea Martin', 'Jeff Bennett', 'Wendie Malick', 'Kathy Najimy', 'Tress MacNeille', 'Wanda Sykes', ""Catherine O'Hara"", 'Mandy Moore']","['Anda', 'Atka', 'Aunt Siqiniq', 'Aunt Taqqiq', 'Hoonah', 'Innoko', 'Kata', 'Nita']"
Chip 'n Dale Rescue Rangers,"['Jim Cummings', 'Tress MacNeille', 'Jim Cummings', 'Jim Cummings', 'Corey Burton']","['Fat Cat', 'Gadget Hackwrench', 'Monterey Jack', 'Professor Norton Nimnul', 'Zipper']"
Cinderella,"['Lucille Bliss', 'Jimmy MacDonald; Frank Welker', 'Ilene Woods', 'Don Barclay', 'Rhoda Williams; Russi Taylor', 'Verna Felton; Russi Taylor', 'Larry Grey', 'Luis Van Rooten; Rob Paulsen', 'Jimmy MacDonald; Corey Burton', 'Jimmy MacDonald; Rob Paulsen', 'Luis Van Rooten', 'Eleanor Audley; Susanne Blakeslee', 'June Foray', 'None', 'William Phipps']","['Anastasia Tremaine', 'Bruno the Dog', 'Cinderella', 'The Doorman', 'Drizella Tremaine', 'Fairy Godmother', 'Footman', 'The Grand Duke', 'Gus Lollygagger', 'Jackson ""Jaq"" Hopscotch', 'The King', 'Lady Tremaine', 'Lucifer the Cat', 'Major the Horse', 'Prince Charming']"
Cinderella II: Dreams Come True,"['Rob Paulsen', 'Frank Welker', 'Holland Taylor']","['Baker', 'Pom-Pom', 'Prudence']"
Darkwing Duck,"['Susan Tolsky', 'Peter Renaday', 'Tino Insana', 'Jim Cummings', 'Christine Cavanaugh', 'Jim Cummings', 'Katie Leigh', 'Danny Mann', 'Jack Angel', 'Dan Castellaneta', 'Kath Soucie', 'Jim Cummings', 'Michael Bell', 'Jennifer Darling', 'Rob Paulsen', 'Dana Hill', 'Tim Curry', 'Kenneth Mars', 'Ron Feinberg']","['Binkie Muddlefoot', 'Derek Blunt', 'Dr. Reginald Bushroot', 'Drake Mallard (Darkwing Duck)', 'Gosalyn Mallard', 'Herb Muddlefoot', 'Honker Muddlefoot', 'J. Gander Hooter', 'Liquidator !The Liquidator', 'Megavolt', 'Morgana McCawber', 'NegaDuck', 'Quackerjack', 'Rhoda Dendron', 'Steelbeak', 'Tank Muddlefoot', 'Taurus Bulba', 'Tuskernini', 'Vladimir Goudenov Grizzlikof']"
Dinosaur,"['D. B. Sweeney', 'Joan Plowright', 'Peter Siragusa', 'Della Reese', 'Samuel E. Wright', 'Julianna Margulies', 'Alfre Woodard', 'Hayden Panettiere', 'None', 'Ossie Davis', 'Max Casella']","['Aladar', 'Baylene', 'Bruton', 'Eema', 'Kron', 'Neera', 'Plio', 'Suri', 'Url', 'Yar', 'Zini']"
Disney Fairies,"['Rob Paulsen', 'Jeff Bennett', 'Jane Horrocks', 'America Ferrera', 'Raven-Symoné', 'Anjelica Huston', 'Kristin Chenoweth', 'Lucy Liu', 'Jesse McCartney', 'Pamela Adlon']","['Bobble', 'Clank', 'Fairy Mary', 'Fawn', 'Iridessa', 'Queen Clarion', 'Rosetta', 'Silvermist', 'Terence', 'Vidia']"
Donald Duck and the Gorilla,['None'],['Ajax the Gorilla']
Donald's Cousin Gus,['Clarence Nash'],['Gus Goose']
Donald's Nephews,"['Clarence Nash; Russi Taylor', 'Clarence Nash; Russi Taylor', 'Clarence Nash; Russi Taylor']","['Dewey', 'Huey', 'Louie']"
DuckTales,"['Terry McGovern', 'Danny Mann', 'None', 'Frank Welker', 'Peter Cullen', 'Joan Gerber', 'Frank Welker', 'None', 'Robert Ridgely', 'Chuck McCann', 'Brian Cummings', 'Chuck McCann', 'Richard Libertini', 'Brian Cummings', 'Chuck McCann', 'Jim Cummings', 'Hamilton Camp', 'Hal Smith', 'Rob Paulsen', 'Joan Gerber', 'Hal Smith', 'Terry McGovern', 'June Foray', 'June Foray', 'Frank Welker', 'Christopher Lloyd', 'June Foray', ""Frank Welker; John O'Hurley"", 'Terry McGovern; Frank Welker', 'Alan Young', 'Russi Taylor']","['Babyface Beagle', 'Backwoods Beagle', 'Bacon Beagle', 'Baggy Beagle', 'Bankjob Beagle', 'Bentina Beakley', 'Bigtime Beagle', 'Binky Beagle', 'Bomber Beagle', 'Bouncer Beagle', 'Bugle Beagle', 'Burger Beagle', 'Dijon the Thief', 'Doofus Drake', 'Duckworth', 'El Capitan', 'Fenton Crackshell (Gizmoduck)', 'Flintheart Glomgold', 'Gladstone Gander', 'Glittering Goldie', 'Gyro Gearloose', 'Launchpad McQuack', 'Ma Beagle', 'Magica De Spell', 'Megabyte Beagle', 'Merlock the Magician', 'Mrs. Featherby', 'The Phantom Blot', 'Poe De Spell', 'Scrooge McDuck', 'Webby Vanderquack']"
Dumbo,"['Margaret Wright', 'Noreen Gammill', 'None', 'None', 'Dorothy Scott', 'Cliff Edwards', 'Sterling Holloway', 'Verna Felton', 'Sarah Selby', 'Herman Bing', 'Edward Brophy']","['Casey Junior', 'Catty the Elephant', 'Circus Animals', 'Dumbo', 'Giddy the Elephant', 'Jim Crow', 'Mr. Stork', 'Mrs. Jumbo', 'Prissy the Elephant', 'The Ringmaster', 'Timothy Q. Mouse']"
Enchanted,"['Amy Adams', 'Idina Menzel', 'Timothy Spall', 'Jeff Bennett; Kevin Lima', 'James Marsden', 'Susan Sarandon']","['Giselle', 'Nancy Tremaine', 'Nathaniel', 'Pip', 'Prince Edward', 'Queen Narissa']"
Fantasia,"['Jim Cummings', 'Corey Burton', 'Tress MacNeille', 'Tress MacNeille', 'None', 'Corey Burton']","['Ben Ali Gator', 'Chernabog', 'Hyacinth Hippo', 'Madame Upanova', 'Melinda', 'Yen Sid']"
Fantasia 2000,"['None', 'None', 'Hugo Weaving', 'John Lithgow', 'None', 'None', 'Helena Bonham Carter', 'None']","['Ballerina', 'Duke', 'Firebird !The Firebird', 'Jack-in-the-Box', 'Jobless Joe', 'Rachel', 'Spring Sprite', 'Yo-Yo']"
Frozen,"['Kristen Bell', 'Alan Tudyk', 'Idina Menzel', 'Jonathan Groff', 'Chris Williams', 'Josh Gad', 'Santino Fontana', 'None']","['Anna', 'Duke of Weselton', 'Elsa', 'Kristoff', 'Oaken', 'Olaf', 'Prince Hans', 'Sven']"
Fun and Fancy Free,['Billy Gilbert'],['Willie the Giant']
Goof Troop,"['Frank Welker', 'Dana Hill; Jason Marsden', 'April Winchell', 'Rob Paulsen', 'Nancy Cartwright', 'Frank Welker']","['Chainsaw', 'Max Goof', 'Peg Pete', 'Pete Junior', 'Pistol Pete', 'Waffles']"
Grin and Bear It,['Bill Thompson'],['J. Audubon Woodlore']
Hercules,"['Barbara Barrie', 'Hal Holbrook', 'Keith David', 'Paddi Edwards', 'Lillias White', 'Vanéese Y. Thomas', 'Amanda Plummer', 'Wayne Knight', 'James Woods', 'Samantha Eggar', 'Tate Donovan; Joshua Keaton', 'Paul Shaffer', 'Carole Shelley', 'Susan Egan', 'Cheryl Freeman', 'Jim Cummings', 'Bobcat Goldthwait; Matt Frewer', 'Frank Welker', 'Danny DeVito', 'LaChanze', 'Roz Ryan', 'Rip Torn']","['Alcmene', 'Amphitryon', 'Apollo', 'Atropos', 'Calliope', 'Clio', 'Clotho', 'Demetrius', 'Hades', 'Hera', 'Hercules', 'Hermes', 'Lachesis', 'Megara', 'Melpomene', 'Nessus', 'Pain and Panic', 'Pegasus', 'Philoctetes', 'Terpsichore', 'Thalia', 'Zeus']"
Higglytown Heroes,['Edie McClurg'],['Fran']
Hold That Pose,['Jimmy MacDonald; Jim Cummings'],['Humphrey the Bear']
Home on the Range,"['Randy Quaid', 'Estelle Harris', 'Cuba Gooding Jr.', 'Jennifer Tilly', 'Joe Flaherty', 'Lance LeGault', 'Marshall Efron', 'Charles Haid', 'Roseanne Barr', 'Judi Dench', 'Charlie Dell', 'Carole Cook', 'Charles Dennis', 'G.W. Bailey', 'Richard Riehle', 'Steve Buscemi']","['Alameda Slim', 'Audrey the Chicken', 'Buck', 'Grace', 'Jeb the Goat', 'Junior the Buffalo', 'Larry the Duck', 'Lucky Jack', 'Maggie', 'Mrs. Calloway', 'Ollie the Pig', 'Pearl Gesner', 'Rico', 'Rusty the Dog', 'Sam the Sheriff', 'Wesley']"
House of Mouse,"['None', 'None', 'None', 'Rod Roddy']","['April', 'June', 'May', 'Mike the Microphone']"
Journey into Imagination with Figment,['Dave Goelz'],['Figment']
Jungle Cubs,"['David Lander', 'Michael McKean', 'Tress MacNeille', 'Charlie Adler']","['Arthur', 'Cecil the Vulture', 'Mahra the Baboon', 'Ned the Baboon']"
Lady and the Tramp,"['Thurl Ravenscroft', 'Verna Felton', 'Stan Freberg', 'Peggy Lee', 'Lee Millar', 'Bill Thompson', 'Barbara Luddy', 'Peggy Lee', 'Peggy Lee', 'Larry Roberts', 'Bill Baucom']","['Al the Alligator', 'Aunt Sarah', 'Beaver', 'Darling', 'Jim Dear', 'Jock', 'Lady', 'Peg', 'Si & Am', 'Tramp', 'Trusty']"
Lady and the Tramp II: Scamp's Adventure,"['Alyssa Milano', 'Debi Derryberry', 'Chazz Palminteri', 'Kath Soucie', 'Kath Soucie', 'Jeff Bennett', 'Bronson Pinchot', 'Bill Fagerbakke', 'Cathy Moriarty', 'Scott Wolf', 'None', 'Mickey Rooney']","['Angel', 'Annette', 'Buster', 'Colette', 'Danielle', 'The Dog Catcher', 'Francois', 'Mooch', 'Ruby', 'Scamp', 'Scratchy', 'Sparky']"
Lilo & Stitch,"['Kevin McDonald', 'Ving Rhames', 'Jason Scott Lee', 'David Ogden Stiers', 'Kevin Michael Richardson', 'Zoe Caldwell', 'Daveigh Chase', 'Amy Hill', 'Miranda Paige Walls; Liliana Mumy', 'Tia Carrere', 'Chris Sanders']","['Agent Wendy Pleakley', 'Cobra Bubbles', 'David Kawena', 'Dr. Jumba Jookiba', 'Captain Gantu', 'Grand Councilwoman', 'Lilo Pelekai', 'Mrs. Hasagawa', 'Myrtle Edmonds', 'Nani Pelekai', 'Stitch']"
Make Mine Music,['None'],['Alice Bluebonnet']
Meet the Robinsons,"['Stephen J. Anderson', 'Harland Williams', 'Tom Selleck', 'Ethan Sandler', 'Aurian Redson', 'Nicole Sullivan', 'Matthew Josten', 'Nathan Greno', 'Jordan Fry', 'Tracey Miller-Zarneke', 'Laurie Metcalf', 'Angela Bassett', 'Tom Kenny', 'Joe Mateo', 'Adam West', 'Wesley Singerman']","['Bowler Hat Guy', 'Carl the Robot', 'Cornelius Robinson', 'Doris', 'Frankie the Frog', 'Franny Robinson', 'Goob', 'Lefty', 'Lewis', 'Lizzy', 'Lucille Krunklehorn', 'Mildred', 'Mr. Willerstein', 'Tiny', 'Uncle Art', 'Wilbur Robinson']"
Melody Time,"['Dennis Day', 'None']","['Johnny Appleseed', 'Little Toot']"
Mickey Mouse Clubhouse,"['Tress MacNeille', 'Frank Welker', 'Jeff Pidgeon']","['Baby Red Bird', 'Bella', 'Mr. Pettibone']"
Mickey's Revue,['Pinto Colvig; Bill Farmer'],['Goofy']
Mickey's Rival,['Maurice LaMarche'],['Mortimer Mouse']
Mickey's Steam Roller,"['None', 'None']","['Ferdie Fieldmouse', 'Morty Fieldmouse']"
Mr. Duck Steps Out,['Clarence Nash; Gloria Blondell'],['Daisy Duck']
Mulan,"['James Hong', 'Jerry Tondo', 'None', 'Pat Morita', 'Freda Foh Shen', 'Soon-Tek Oh', 'George Takei', 'James Shigeta', 'June Foray', 'B.D. Wong', 'Gedde Watanabe', 'Miriam Margoyles', 'Ming-Na Wen; Lea Salonga', 'Eddie Murphy', 'Miguel Ferrer', 'Harvey Fierstein']","['Chi-Fu', 'Chien-Po', 'Cri-Kee', 'Emperor of China', 'Fa Li', 'Fa Zhou', 'First Ancestor Fa', 'General Li', 'Grandmother Fa', 'Li Shang', 'Ling', 'The Matchmaker', 'Mulan', 'Mushu', 'Shan Yu', 'Yao']"
Mulan 2,['Mary Gibbs'],['Sha-ron']
My Friends Tigger & Pooh,['Chloë Grace Moretz'],['Darby']
One Hundred and One Dalmatians,"['Thurl Ravenscroft', 'Marjorie Bennett', 'Mimi Gibson', 'Martha Wentworth', 'Mickey Maga', 'Sandra Abbott', 'Queenie Leonard', 'Barbara Beaird']","['The Captain', 'Duchess', 'Lucky', 'Nanny', 'Patch', 'Penny', 'Princess', 'Rolly']"
Orphan's Benefit,['Florence Gill'],['Clara Cluck']
Pepper Ann,['Kathleen Wilhoite'],['Pepper Ann Pearson']
Pete's Dragon,['Charlie Callas'],['Elliott']
Peter Pan,"['Hans Conried', 'None', 'Robert Ellis', 'Hans Conried', 'Candy Candido', 'Paul Collins', 'Heather Angel', 'Tommy Luske', 'Bill Thompson', 'None', 'Jeffrey Silver', 'Bobby Driscoll', 'Stuffy Singer', 'Cree Summer', 'Mae Whitman', 'None', 'Kathryn Beaumont']","['Captain Hook', 'The Crocodile (Tick Tock)', 'Cubby', 'George Darling', 'The Indian Chief', 'John Darling', 'Mary Darling', 'Michael Darling', 'Mr. Smee', 'Nana', 'Nibs', 'Peter Pan', 'Slightly', 'Tiger Lily', 'Tinker Bell', 'Tootles', 'Wendy Darling']"
Plane Crazy,"['Marcellite Garner', 'Walt Disney; Marcellite Garner']","['Clarabelle Cow', 'Minnie Mouse']"
Pooh's Heffalump Movie,['Kyle Stanger'],['Lumpy the Heffalump']
Private Pluto,"['James MacDonald', 'Dessie Flynn; Corey Burton']","['Chip', 'Dale']"
Return to Never Land,"['Andrew McDonough', 'Roger Rees', 'Harriet Owen', 'Frank Welker']","['Danny', 'Edward', 'Jane', 'The Octopus']"
Robin Hood,"['Roger Miller', 'Andy Devine', 'Peter Ustinov', 'Carole Shelley', 'Phil Harris', 'Monica Evans', 'Barbara Luddy', 'Ken Curtis', ""J. Pat O'Malley"", 'Peter Ustinov', 'Brian Bedford', 'Pat Buttram', 'Terry-Thomas', 'Dana Laurita', 'Billy Whittaker', 'Dori Whittaker', 'Richie Sanders', 'George Lindsey']","['Alan-a-Dale', 'Friar Tuck', 'King Richard', 'Lady Kluck', 'Little John', 'Maid Marian', 'Mother Rabbit', 'Nutsy the Vulture', 'Otto', 'Prince John', 'Robin Hood', 'Sheriff of Nottingham', 'Sir Hiss', 'Sis Bunny', 'Skippy Bunny', 'Tagalong Bunny', 'Toby Turtle', 'Trigger the Vulture']"
Saludos Amigos,['José Oliveira; Rob Paulsen'],['José Carioca']
Secret of the Wings,"['Grey Delisle', 'Lucy Hale']","['Gliss', 'Periwinkle']"
Sheep Dog,['Unknown'],['Bent-Tail Junior']
Silly Symphonies,"['None', 'None', 'Milt Kahl', 'Martha Wentworth', 'Pinto Colvig', 'None', 'Alyce Ardell']","['Bucky Bug', 'Elmer Elephant', 'Ferdinand the Bull', 'Jenny Wren', 'Joe Giraffe', 'Joey Hippo', 'Tillie Tiger']"
Snow White and the Seven Dwarfs,"['Scotty Mattraw', 'Roy Atwell', 'Eddie Collins', 'Pinto Colvig', 'Otis Harlan', 'Stuart Buchanan', 'Moroni Olsen', 'Harry Stockwell', 'Lucille La Verne', 'Pinto Colvig', 'Billy Gilbert', 'Adriana Caselotti']","['Bashful', 'Doc', 'Dopey', 'Grumpy', 'Happy', 'Humbert the Huntsman', 'The Magic Mirror', 'Prince', 'Queen Grimhilde', 'Sleepy', 'Sneezy', 'Snow White']"
Sofia the First,"['Tim Gunn', 'Jess Harnell', 'Wayne Brady', 'Travis Willingham', 'Megan Mullally', 'Zach Callison', 'Darcy Rose Byrnes', 'Sara Ramirez', 'Ariel Winter', 'Jim Cummings']","['Baileywick', 'Cedric the Sorcerer', 'Clover', 'King Roland II', 'Miss Nettle', 'Prince James', 'Princess Amber', 'Queen Miranda', 'Princess Sofia', 'Wormwood the Raven']"
Song of the South,"['Nick Stewart', 'James Baskett', 'Johnny Lee']","[""Br'er Bear"", ""Br'er Fox"", ""Br'er Rabbit""]"
Steamboat Willie,['Walt Disney'],['Mickey Mouse']
Stitch! The Movie,['Jeff Bennett'],['Dr. Jacques von Hamsterviel']
TaleSpin,"['Jim Cummings', 'R. J. Williams; Alan Roberts']","['Don Karnage', 'Kit Cloudkicker']"
Tangled,"['Zachary Levi', 'Brad Garrett', 'None', 'Donna Murphy', 'Frank Welker', 'Mandy Moore', 'Ron Perlman']","['Flynn Rider', 'Hook Hand', 'Maximus', 'Mother Gothel', 'Pascal', 'Rapunzel', 'Stabbington Brothers']"
Tangled Ever After,['Kari Wahlgren'],['Queen']
Tarzan,"['Nigel Hawthorne', 'Brian Blessed', 'Minnie Driver', 'Glenn Close', 'Lance Henriksen', 'Jason Marsden', 'Wayne Knight', 'Tony Goldwyn', 'Alex D. Linz', ""Rosie O'Donnell""]","['Archimedes Q. Porter', 'Clayton', 'Jane Porter', 'Kala', 'Kerchak', 'Mungo', 'Tantor', 'Tarzan', 'Tarzan', 'Terk']"
The Adventures of Ichabod and Mr. Toad,"['Campbell Grant', ""J. Pat O'Malley"", 'None', 'Pinto Colvig', 'Eric Blore', 'None', 'Colin Campbell', 'Claud Allister', 'Oliver Wallace']","['Angus MacBadger', 'Cyril Proudbottom', 'Headless Horseman', 'Ichabod Crane', 'J. Thaddeus Toad', 'Katrina Van Tassel', 'Moley', 'Ratty', 'Winkie the Barman']"
The Aristocats,"['Monica Evans', 'Carole Shelley', 'Dean Clark', 'Thurl Ravenscroft', 'Eva Gabor', 'Roddy Maude-Roxby', 'Nancy Kulp', 'Charles Lane', 'Lord Tim Hudson', 'George Lindsey', 'Hermione Baddeley', 'Liz English', 'Pat Buttram', 'Vito Scotti', 'Sterling Holloway', 'Scatman Crothers', 'Paul Winchell', 'Phil Harris', 'Gary Dubin', 'Bill Thompson']","['Abigail Gabble', 'Amelia Gabble', 'Berlioz', 'Billy Boss', 'Duchess', 'Edgar Balthazar the Butler', 'Frou-Frou', 'Georges Hautecourt', 'Hit Cat the English Cat', 'Lafayette the Basset Hound', 'Madame Adelaide Bonfamille', 'Marie', 'Napoleon the Bloodhound', 'Peppo the Italian Cat', 'Roquefort the Mouse', 'Scat Cat', 'Shun Gon the Chinese Cat', ""Thomas O'Malley"", 'Toulouse', 'Uncle Waldo']"
The Black Cauldron,"['Phil Fondacaro', 'Freddie Jones', 'John Byner', 'Nigel Hawthorne', 'John Byner', 'None', 'John Hurt', 'Arthur Malet', 'Eda Reiss Merin', 'Billie Hayes', 'Adele Malis-Morey', 'Susan Sheridan', 'Grant Bardsley']","['Creeper', 'Dallben', 'Doli', 'Fflewddur Fflam', 'Gurgi', 'Hen Wen', 'The Horned King', 'King Eiddileg', 'Orddu', 'Orgoch', 'Orwen', 'Princess Eilonwy', 'Taran']"
The Chain Gang,['Pinto Colvig; Bill Farmer'],['Pluto']
The Country Bears,"['Haley Joel Osment', 'James Gammon', 'Justin Berfield', 'Diedrich Bader']","['Beary Barrington', 'Big Al', 'Dex Barrington', 'Ted Betterhead']"
The Emperor's New Groove,"['Bob Bergen', 'Kellyann Kelso', 'Wendie Malick', 'Patrick Warburton', 'David Spade', 'John Goodman', 'Eli Russell Linnetz', 'Eartha Kitt']","['Bucky the Squirrel', 'Chaca', 'Chicha', 'Kronk Pepikrankenitz', 'Kuzco', 'Pacha', 'Tipo', 'Yzma']"
The Emperor's New School,['Jessica Di Cicco'],['Malina']
The Fox and the Hound,"['Jack Albertson', 'Pearl Bailey', 'Paul Winchell', 'Pat Buttram', 'Corey Feldman; Kurt Russell', 'Richard Bakalyan', 'None', 'Keith Coogan; Mickey Rooney', 'Sandy Duncan', 'Jeanette Nolan']","['Amos Slade', 'Big Mama', 'Boomer', 'Chief', 'Copper', 'Dinky', 'Squeaks the Caterpillar', 'Tod', 'Vixey', 'Widow Tweed']"
The Fox and the Hound 2,"['Patrick Swayze', 'Reba McEntire', 'Vicki Lawrence', 'Jeff Foxworthy']","['Cash', 'Dixie', 'Granny Rose', 'Lyle']"
The Great Mouse Detective,"['Barrie Ingham', 'Barrie Ingham', 'Val Bettin', 'Frank Welker', 'Candy Candido', 'Alan Young; Alan Young', 'Shani Wallis', 'Melissa Manchester', 'Diana Chesney', 'Susanne Pollatschek', 'Vincent Price', 'Eve Brenner', 'Frank Welker']","['Bartholomew', 'Basil of Baker Street', 'Dr. David Q. Dawson', 'Felicia the Cat', 'Fidget', 'Hiram Flaversham', 'Lady Mouse', 'Miss Kitty', 'Mrs. Judson', 'Olivia Flaversham', 'Professor Ratigan', 'Queen Mousetoria', 'Toby the Dog']"
The Hunchback of Notre Dame,"['None', 'David Ogden Stiers', 'Kevin Kline', 'Paul Kandel', 'None', 'Demi Moore', 'Jason Alexander', 'Tony Jay', 'Mary Wickes', 'Tom Hulce', 'Charles Kimbrough']","['Achilles', 'The Archdeacon', 'Captain Phoebus', 'Clopin Trouillefou', 'Djali', 'Esmeralda', 'Hugo', 'Judge Claude Frollo', 'Laverne', 'Quasimodo', 'Victor']"
The Hunchback of Notre Dame II,"['April Winchell', 'Jennifer Love Hewitt', 'Michael McKean', 'Haley Joel Osment']","['Lady DeBurne', 'Madellaine', 'Sarousch', 'Zephyr']"
The Legend of Coyote Rock,['Unknown'],['Bent-Tail the Coyote']
The Lion King 1½,"['Julie Kavner', 'Jerry Stiller']","[""Timon's Mother"", 'Uncle Max']"
The Lion King II: Simba's Pride,"['Michelle Horn; Neve Campbell', ""Ryan O'Donohue; Jason Marsden"", 'Andy Dick', 'Lacey Chabert; Jennifer Lien', 'Suzanne Pleshette']","['Kiara', 'Kovu', 'Nuka', 'Vitani', 'Zira']"
The Little Mermaid,"['Sherry Lynn', 'Kimmy Robertson', 'Tara Strong', 'Grey DeLisle; Mona Marshall', 'Jodi Benson', 'Kimmy Robertson', 'Kari Wahlgren', 'Edie McClurg', 'Rene Auberjonois', 'Paddi Edwards', 'Jason Marin', 'Ben Wright', 'Will Ryan', 'Kenneth Mars', 'Frank Welker', 'Christopher Daniel Barnes', 'Buddy Hackett', 'Samuel E. Wright', 'Pat Carroll', 'Pat Carroll; Jodi Benson']","['Adella', 'Alana', 'Andrina', 'Aquata', 'Ariel', 'Arista', 'Attina', 'Carlotta the Maid', 'Chef Louis', 'Flotsam and Jetsam', 'Flounder', 'Grimsby', 'Harold the Seahorse', 'King Triton', 'Max the Sheepdog', 'Prince Eric', 'Scuttle', 'Sebastian', 'Ursula', 'Vanessa (The Little Mermaid)']"
The Little Mermaid II: Return to the Sea,"['None', 'Stephen Furst', 'Tara Strong', 'Pat Carroll', 'Max Casella']","['Cloak and Dagger', 'Dash', 'Melody', 'Morgana', 'Tip']"
The Little Mermaid: Ariel's Beginning,['Lorelei Hill Butters'],['Queen Athena']
The Pirate Fairy,['Christina Hendricks'],['Zarina']
The Plow Boy,['Walt Disney; Bill Farmer'],['Horace Horsecollar']
The Porker's Court,['Andrew Lawrence'],['Lil Bad Wolf']
The Princess and the Frog,"['Michael Colyar', 'Jennifer Cody', 'Randy Newman', 'Keith David', 'John Goodman', 'Oprah Winfrey', 'None', 'Corey Burton', 'Jerry Kernion', 'Kevin Michael Richardson', 'Peter Bartlett', 'Michael-Leon Wooley', 'Jenifer Lewis', 'Emeril Lagasse', 'Bruno Campos', 'Jim Cummings', 'Anika Noni Rose', 'Paul Briggs']","['Buford the Cook', 'Charlotte La Bouff', 'Cousin Randy', 'Dr. Facilier', 'Eli ""Big Daddy"" La Bouff', 'Eudora', 'Evangaline', 'Harvey Fenner', 'Henry Fenner', 'Ian the Alligator', 'Lawrence the Valet', 'Louis the Alligator', 'Mama Odie', 'Marlon the Alligator', 'Prince Naveen', 'Ray the Firefly', 'Tiana', 'Two Fingers']"
The Reluctant Dragon,"['Claud Allister', 'Barnett Parker']","['Sir Giles', 'Tobias the Reluctant Dragon']"
The Rescuers,"['Bob Newheart', 'Candy Candido', 'Bernard Fox', 'Dub Taylor', 'Jeanette Nolan', 'Jimmy MacDonald', 'Larry Clemmons', 'Pat Buttram', 'Geraldine Page', 'Eva Gabor', 'Joe Flynn', 'Jim Jordan', 'Michelle Stacy', 'John McIntire']","['Bernard', 'Brutus and Nero', 'Chair Mouse', 'Digger the Mole', 'Ellie Mae', 'Evinrude', 'Gramps', 'Luke', 'Madame Medusa', 'Miss Bianca', 'Mr. Snoops', 'Orville', 'Penny', 'Rufus']"
The Rescuers Down Under,"['Adam Ryen', 'Bernard Fox', 'Carla Meyer', 'Ed Gilbert', 'Wayne Robson', 'Tristan Rogers', 'Douglas Seale', 'Frank Welker', 'Russi Taylor', 'George C. Scott', 'Peter Firth', 'John Candy']","['Cody', 'Doctor Mouse', 'Faloo', 'Francois', 'Frank', 'Jake', 'Krebbs', 'Marahute', 'Nurse Mouse', 'Percival C. McLeach', 'Red', 'Wilbur']"
The Return of Jafar,['Jason Alexander'],['Abis Mal']
The Sleepwalker,['None'],['Dinah the Dachshund']
The Sword in the Stone,"['Junius Matthews', 'Rickie Sorensen', 'Richard Reitherman', 'Robert Reitherman', 'Thurl Ravenscroft', 'Martha Wentworth', 'Karl Swenson', 'Sebastian Cabot', 'Norman Alden', 'Alan Napier']","['Archimedes', 'Arthur/Wart', 'Arthur/Wart', 'Arthur/Wart', 'Black Bart', 'Madam Mim', 'Merlin', 'Sir Ector', 'Sir Kay', 'Sir Pellinore']"
The Three Caballeros,"['Pinto Colvig', 'Joaquin Garay; Carlos Alazraqui']","['Aracuan Bird', 'Panchito Pistoles']"
The Tortoise and the Hare,"['Ned Norton', 'Eddie Holden']","['Max Hare', 'Toby Tortoise']"
The Weekenders,['Jason Marsden'],['Tino Tonitini']
The Wise Little Hen,"['Clarence Nash; Tony Anselmo', 'Pinto Colvig']","['Donald Duck', 'Peter Pig']"
"This is Your Life, Donald Duck",['June Foray'],['Grandma Duck']
Three Little Pigs,"['Billy Bletcher', 'Mary Moder', 'Dorothy Compton', 'Pinto Colvig']","['Big Bad Wolf', 'Fiddler Pig', 'Fifer Pig', 'Practical Pig']"
Timon and Pumbaa,"['Brad Garrett', 'Rob Paulsen; Jim Cummings', 'S. Scott Bullock', 'Jeff Bennett', 'Corey Burton', 'Jim Cummings', 'Corey Burton', 'Townsend Coleman; Brian Cummings']","['Boss Beaver', 'Cheetata and Cheetato', 'Fred', 'Natives', 'Quint', 'Smolder the Bear', 'Speedy the Snail', 'Vulture Police']"
Tinker Bell and the Great Fairy Rescue,['Lauren Mote'],['Lizzy Griffths']
Tinker Bell and the Lost Treasure,['None'],['Blaze']
Treasure Planet,"['Martin Short', 'Patrick McGoohan', 'Emma Thompson', 'David Hyde Pierce', 'Micheal McShane', 'Joseph Gordon-Levitt', 'Brian Murray', 'Dane A. Davis', 'Roscoe Lee Browne', 'Corey Burton', 'Laurie Metcalf', 'Michael Wincott']","['B.E.N.', 'Billy Bones', 'Captain Amelia', 'Dr. Doppler', 'Hands', 'Jim Hawkins', 'John Silver', 'Morph', 'Mr. Arrow', 'Onus', 'Sarah Hawkins', 'Scroop']"
Trolley Troubles,['Frank Welker'],['Oswald the Lucky Rabbit']
Who Framed Roger Rabbit,"['April Winchell', 'Lou Hirsch', 'Charles Fleischer', 'Charles Fleischer', 'Kathleen Turner', 'Christopher Lloyd', 'Charles Fleischer', 'Charles Fleischer', 'David Lander', 'Fred Newman', 'June Foray']","['Baby Herman', 'Baby Herman', 'Benny the Cab', 'Greasy the Weasel', 'Jessica Rabbit', 'Judge Doom', 'Psycho the Weasel', 'Roger Rabbit', 'Smarty the Weasel', 'Stupid the Weasel', 'Wheezy the Weasel']"
Winnie the Pooh and the Blustery Day,"['John Fiedler', 'Paul Winchell']","['Piglet', 'Tigger']"
Winnie the Pooh and the Honey Tree,"['Bruce Reitherman', 'Ralph Wright', 'Howard Morris; Michael Gough', 'Barbara Luddy', 'Hal Smith', 'Junius Matthews', 'Clint Howard', 'Dori Whittaker', 'Sterling Holloway']","['Christopher Robin', 'Eeyore', 'Gopher', 'Kanga', 'Owl', 'Rabbit', 'Roo', 'Roo', 'Winnie the Pooh']"
Wreck-It Ralph,"['None', 'Katie Lowes', 'Cymbre Walk', 'Horatio Sanz', 'Jack McBrayer', 'Dennis Haysbert', 'None', 'Josie Trinidad', 'Alan Tudyk', ""Ed O'Neill"", 'Joe Lo Truglio', 'None', 'Jamie Elman', 'Jane Lynch', 'None', 'Rich Moore', 'None', 'Mindy Kaling', 'Sarah Silverman', 'John C. Reilly', 'Adam Carolla']","['Adorabeezle Winterpop', 'Candlehead', 'Crumbelina DiCaramello', 'Duncan', 'Fix-It Felix Jr.', 'General Hologram', 'Gloyd Orangeboar', 'Jubileena Bing-Bing', 'King Candy/Turbo', 'Mr. Litwak', 'Markowski', 'Minty Zaki', 'Rancis Fluggerbutter', 'Sergeant Calhoun', 'Snowanna Rainbeau', 'Sour Bill', 'Swizzle ""The Swizz"" Malarkey', 'Taffyta Muttonfudge', 'Vanellope von Schweetz', 'Wreck-It Ralph', 'Wynchel']"
Zootopia,"['Jenny Slate', 'Nate Torrence', 'Bonnie Hunt', 'Byron Howard', 'Idris Elba', 'Rich Moore', 'Alan Tudyk', 'None', 'Tommy ""Tiny"" Lister Jr.', 'Raymond S. Persi', 'Shakira', 'John DiMaggio', 'John DiMaggio', 'Ginnifer Goodwin', 'J.K. Simmons', 'Maurice LaMarche', 'Octavia Spencer', 'Jason Bateman', 'Jared Bush', 'Don Lake', 'John DiMaggio', 'Tommy Chong']","['Assistant Mayor Dawn Bellwether', 'Benjamin Clawhauser', 'Bonnie Hopps', 'Bucky Oryx-Antlerson', 'Chief Bogo', 'Doug Ramses', 'Duke Weaselton', 'Emmitt Otterton', 'Finnick', 'Flash Slothmore', 'Gazelle', 'Jerry Jumbeaux Jr.', 'Jesse the Ram', 'Judy Hopps', 'Mayor Lionheart', 'Mr. Big', 'Mrs. Otterton', 'Nicholas ""Nick"" P. Wilde', 'Pronk Oryx-Antlerson', 'Stu Hopps', 'Woolter the Ram', 'Yax']"
